Date,Open,High,Low,Close,Volume,Adj Close
8/3/2015,2104.48999,2112.659912,2052.090088,2083.389893,4086235500,2083.389893
7/1/2015,2067,2132.820068,2044.02002,2103.840088,3709178600,2103.840088
6/1/2015,2108.639893,2129.870117,2056.320068,2063.110107,3513296300,2063.110107
5/1/2015,2087.379883,2134.719971,2067.929932,2107.389893,3298780000,2107.389893
4/1/2015,2067.629883,2125.919922,2048.379883,2085.51001,3521458000,2085.51001
3/2/2015,2105.22998,2117.52002,2039.689941,2067.889893,3638745400,2067.889893
2/2/2015,1996.670044,2119.590088,1980.900024,2104.5,3806470500,2104.5
1/2/2015,2058.899902,2072.360107,1988.119995,1994.98999,4091934500,1994.98999
12/1/2014,2065.780029,2093.550049,1972.560059,2058.899902,3788631300,2058.899902
11/3/2014,2018.209961,2075.76001,2001.01001,2067.560059,3479201500,2067.560059
10/1/2014,1971.439941,2018.189941,1820.660034,2018.050049,4260310800,2018.050049
9/2/2014,2004.069946,2019.26001,1964.040039,1972.290039,3364623800,1972.290039
8/1/2014,1929.800049,2005.040039,1904.780029,2003.369995,2875718500,2003.369995
7/1/2014,1962.290039,1991.390015,1930.670044,1930.670044,3214440400,1930.670044
6/2/2014,1923.869995,1968.170044,1915.97998,1960.22998,3158130000,1960.22998
5/1/2014,1884.390015,1924.030029,1859.790039,1923.569946,3185100900,1923.569946
4/1/2014,1873.959961,1897.280029,1814.359985,1883.949951,3589287600,1883.949951
3/3/2014,1857.680054,1883.969971,1834.439941,1872.339966,3579015700,1872.339966
2/3/2014,1782.680054,1867.920044,1737.920044,1859.449951,3875949400,1859.449951
1/2/2014,1845.859985,1850.839966,1770.449951,1782.589966,3806266600,1782.589966
12/2/2013,1806.550049,1849.439941,1767.98999,1848.359985,3203412300,1848.359985
11/1/2013,1758.699951,1813.550049,1746.199951,1805.810059,3261324500,1805.810059
10/1/2013,1682.410034,1775.219971,1646.469971,1756.540039,3498866500,1756.540039
9/3/2013,1635.949951,1729.859985,1633.410034,1681.550049,3474152000,1681.550049
8/1/2013,1689.420044,1709.670044,1627.469971,1632.969971,3069868600,1632.969971
7/1/2013,1609.780029,1698.780029,1604.569946,1685.72998,3270645900,1685.72998
6/3/2013,1631.709961,1654.189941,1560.329956,1606.280029,3996199000,1606.280029
5/1/2013,1597.550049,1687.180054,1581.280029,1630.73999,3661220400,1630.73999
4/1/2013,1569.180054,1597.569946,1536.030029,1597.569946,3674685000,1597.569946
3/1/2013,1514.680054,1570.280029,1501.47998,1569.189941,3591577500,1569.189941
2/1/2013,1498.109985,1530.939941,1485.01001,1514.680054,3851884200,1514.680054
1/2/2013,1426.189941,1509.939941,1426.189941,1498.109985,3802304200,1498.109985
12/3/2012,1416.339966,1448,1398.109985,1426.189941,3479625500,1426.189941
11/1/2012,1412.199951,1434.27002,1343.349976,1416.180054,3593110000,1416.180054
10/1/2012,1440.900024,1470.959961,1403.280029,1412.160034,3587115700,1412.160034
9/4/2012,1406.540039,1474.51001,1396.560059,1440.670044,3857553100,1440.670044
8/1/2012,1379.319946,1426.680054,1354.650024,1406.579956,3183567800,1406.579956
7/2/2012,1362.329956,1391.73999,1325.410034,1379.319946,3663113300,1379.319946
6/1/2012,1309.869995,1363.459961,1266.73999,1362.160034,4103472300,1362.160034
5/1/2012,1397.859985,1415.319946,1291.97998,1310.329956,4158095900,1310.329956
4/2/2012,1408.469971,1422.380005,1357.380005,1397.910034,3916786000,1397.910034
3/1/2012,1365.900024,1419.150024,1340.030029,1408.469971,3980752200,1408.469971
2/1/2012,1312.449951,1378.040039,1312.449951,1365.680054,4143404000,1365.680054
1/3/2012,1258.859985,1333.469971,1258.859985,1312.410034,4190155500,1312.410034
12/1/2011,1246.910034,1269.369995,1202.369995,1257.599976,3667346600,1257.599976
11/1/2011,1251,1277.550049,1158.660034,1246.959961,4289379000,1246.959961
10/3/2011,1131.209961,1292.660034,1074.77002,1253.300049,4874946600,1253.300049
9/1/2011,1219.119995,1229.290039,1114.219971,1131.420044,5104933800,1131.420044
8/1/2011,1292.589966,1307.380005,1101.540039,1218.890015,4942913400,1218.890015
7/1/2011,1320.640015,1356.47998,1282.859985,1292.280029,4308168000,1292.280029
6/1/2011,1345.199951,1345.199951,1258.069946,1320.640015,4105601300,1320.640015
5/2/2011,1365.209961,1370.579956,1311.800049,1345.199951,4114534200,1345.199951
4/1/2011,1329.47998,1364.560059,1294.699951,1363.609985,4042194000,1363.609985
3/1/2011,1328.640015,1332.280029,1249.050049,1325.829956,4046691700,1325.829956
2/1/2011,1289.140015,1344.069946,1289.140015,1327.219971,3182974200,1327.219971
1/3/2011,1257.619995,1302.670044,1257.619995,1286.119995,4816605000,1286.119995
12/1/2010,1186.599976,1262.599976,1186.599976,1257.640015,3762922700,1257.640015
11/1/2010,1185.709961,1227.079956,1173,1180.550049,4354084200,1180.550049
10/1/2010,1143.48999,1196.140015,1131.869995,1183.26001,4432102300,1183.26001
9/1/2010,1049.719971,1157.160034,1049.719971,1141.199951,3993981400,1141.199951
8/2/2010,1107.530029,1129.23999,1039.699951,1049.329956,4080773600,1049.329956
7/1/2010,1031.099976,1120.949951,1010.909973,1101.599976,4704026600,1101.599976
6/1/2010,1087.300049,1131.22998,1028.329956,1030.709961,5235174000,1030.709961
5/3/2010,1188.579956,1205.130005,1040.780029,1089.410034,6626699400,1089.410034
4/1/2010,1171.22998,1219.800049,1170.689941,1186.689941,5847150900,1186.689941
3/1/2010,1105.359985,1180.689941,1105.359985,1169.430054,4702951700,1169.430054
2/1/2010,1073.890015,1112.420044,1044.5,1104.48999,4658238400,1104.48999
1/4/2010,1116.560059,1150.449951,1071.589966,1073.869995,5071601500,1073.869995
12/1/2009,1098.890015,1130.380005,1085.890015,1115.099976,4163287200,1115.099976
11/2/2009,1036.180054,1113.689941,1029.380005,1095.630005,4443852500,1095.630005
10/1/2009,1054.910034,1101.359985,1019.950012,1036.189941,5451064000,1036.189941
9/1/2009,1019.52002,1080.150024,991.969971,1057.079956,5633064200,1057.079956
8/3/2009,990.219971,1039.469971,978.51001,1020.619995,5764944200,1020.619995
7/1/2009,920.820007,996.679993,869.320007,987.47998,5080675400,987.47998
6/1/2009,923.26001,956.22998,888.859985,919.320007,5330941800,919.320007
5/1/2009,872.73999,930.169983,866.099976,919.140015,6883268000,919.140015
4/1/2009,793.590027,888.700012,783.320007,872.809998,6938945600,872.809998
3/2/2009,729.570007,832.97998,666.789978,797.869995,7633306300,797.869995
2/2/2009,823.090027,875.01001,734.52002,735.090027,7022036200,735.090027
1/2/2009,902.98999,943.849976,804.299988,825.880005,5872061000,825.880005
12/1/2008,888.609985,918.849976,815.690002,903.25,5320791300,903.25
11/3/2008,968.669983,1007.51001,741.02002,896.23999,6231635200,896.23999
10/1/2008,1164.170044,1167.030029,839.799988,968.75,7226842600,968.75
9/2/2008,1287.829956,1303.040039,1106.420044,1166.359985,6902142800,1166.359985
8/1/2008,1269.420044,1313.150024,1247.449951,1282.829956,4264482300,1282.829956
7/1/2008,1276.689941,1292.170044,1200.439941,1267.380005,5923937200,1267.380005
6/2/2008,1399.619995,1404.050049,1272,1280,4840303300,1280
5/1/2008,1385.969971,1440.23999,1373.069946,1400.380005,4039814700,1400.380005
4/1/2008,1326.410034,1404.569946,1324.349976,1385.589966,4113069000,1385.589966
3/3/2008,1330.449951,1359.680054,1256.97998,1322.699951,4868908000,1322.699951
2/1/2008,1378.599976,1396.02002,1316.75,1330.630005,4148143000,1330.630005
1/2/2008,1467.969971,1471.77002,1270.050049,1378.550049,4925982300,1378.550049
12/3/2007,1479.630005,1523.569946,1435.650024,1468.359985,3363127500,1468.359985
11/1/2007,1545.790039,1545.790039,1406.099976,1481.140015,4317578500,1481.140015
10/1/2007,1527.290039,1576.089966,1489.560059,1549.380005,3477202100,1549.380005
9/4/2007,1473.959961,1538.73999,1439.290039,1526.75,3196581500,1526.75
8/1/2007,1455.180054,1503.890015,1370.599976,1473.98999,4091885600,1473.98999
7/2/2007,1504.660034,1555.900024,1454.25,1455.27002,3564854700,1455.27002
6/1/2007,1530.619995,1540.560059,1484.180054,1503.349976,3261343300,1503.349976
5/1/2007,1482.369995,1535.560059,1476.699951,1530.619995,3104253600,1530.619995
4/2/2007,1420.829956,1498.02002,1416.369995,1482.369995,3006294500,1482.369995
3/1/2007,1406.800049,1438.890015,1363.97998,1420.859985,3205736800,1420.859985
2/1/2007,1437.900024,1461.569946,1389.420044,1406.819946,2935275700,1406.819946
1/3/2007,1418.030029,1441.609985,1403.969971,1438.23999,2983144500,1438.23999
12/1/2006,1400.630005,1431.810059,1385.930054,1418.300049,2462849000,1418.300049
11/1/2006,1377.76001,1407.890015,1360.97998,1400.630005,2826198000,1400.630005
10/2/2006,1335.819946,1389.449951,1327.099976,1377.939941,2708938600,1377.939941
9/1/2006,1303.800049,1340.280029,1290.930054,1335.849976,2563743500,1335.849976
8/1/2006,1278.530029,1306.73999,1261.300049,1303.819946,2280876500,1303.819946
7/3/2006,1270.060059,1280.420044,1224.540039,1276.660034,2440476000,1276.660034
6/1/2006,1270.050049,1290.680054,1219.290039,1270.199951,2632855400,1270.199951
5/1/2006,1310.609985,1326.699951,1245.339966,1270.089966,2591135900,1270.089966
4/3/2006,1302.880005,1318.160034,1280.73999,1310.609985,2406755200,1310.609985
3/1/2006,1280.660034,1310.880005,1268.420044,1294.869995,2310510800,1294.869995
2/1/2006,1280.079956,1297.569946,1253.609985,1280.660034,2380568400,1280.660034
1/3/2006,1248.290039,1294.900024,1245.73999,1280.079956,2595998000,1280.079956
12/1/2005,1249.47998,1275.800049,1246.589966,1248.290039,2057125200,1248.290039
11/1/2005,1207.01001,1270.640015,1201.069946,1249.47998,2260836100,1249.47998
10/3/2005,1228.810059,1233.339966,1168.199951,1207.01001,2493393300,1207.01001
9/1/2005,1220.329956,1243.130005,1205.349976,1228.810059,2232144200,1228.810059
8/1/2005,1234.180054,1245.859985,1201.069946,1220.329956,1930243400,1220.329956
7/1/2005,1191.329956,1245.150024,1183.550049,1234.180054,1962713500,1234.180054
6/1/2005,1191.5,1219.589966,1188.300049,1191.329956,1929251300,1191.329956
5/2/2005,1156.849976,1199.560059,1146.180054,1191.5,1960127100,1191.5
4/1/2005,1180.589966,1191.880005,1136.150024,1156.849976,2180315700,1156.849976
3/1/2005,1203.599976,1229.109985,1163.689941,1180.589966,1874017200,1180.589966
2/1/2005,1181.27002,1212.439941,1180.949951,1203.599976,1636467800,1203.599976
1/3/2005,1211.920044,1217.800049,1163.75,1181.27002,1658930000,1181.27002
12/1/2004,1173.780029,1217.329956,1173.780029,1211.920044,1449518100,1211.920044
11/1/2004,1130.199951,1188.459961,1127.599976,1173.819946,1524465700,1173.819946
10/1/2004,1114.579956,1142.050049,1090.290039,1130.199951,1571990400,1130.199951
9/1/2004,1104.23999,1131.540039,1099.180054,1114.579956,1360850900,1114.579956
8/2/2004,1101.719971,1109.680054,1060.719971,1104.23999,1260227200,1104.23999
7/1/2004,1140.839966,1140.839966,1078.780029,1101.719971,1456371400,1101.719971
6/1/2004,1120.680054,1146.339966,1113.319946,1140.839966,1381109500,1140.839966
5/3/2004,1107.300049,1127.73999,1076.319946,1120.680054,1524950000,1120.680054
4/1/2004,1126.209961,1150.569946,1107.22998,1107.300049,1583171400,1107.300049
3/1/2004,1144.939941,1163.22998,1087.160034,1126.209961,1528634700,1126.209961
2/2/2004,1131.130005,1158.97998,1124.439941,1144.939941,1554000000,1144.939941
1/2/2004,1111.920044,1155.380005,1105.079956,1131.130005,1722750000,1131.130005
12/1/2003,1058.199951,1112.560059,1053.410034,1111.920044,1312119500,1111.920044
11/3/2003,1050.709961,1063.650024,1031.199951,1058.199951,1313181000,1058.199951
10/1/2003,995.969971,1053.790039,995.969971,1050.709961,1469452100,1050.709961
9/2/2003,1008.01001,1040.290039,990.359985,995.969971,1501457600,995.969971
8/1/2003,990.309998,1011.01001,960.840027,1008.01001,1229836600,1008.01001
7/1/2003,974.5,1015.409973,962.099976,990.309998,1507327200,990.309998
6/2/2003,963.590027,1015.330017,963.590027,974.5,1562219000,974.5
5/1/2003,916.919983,965.380005,902.830017,963.590027,1554328500,963.590027
4/1/2003,848.179993,924.23999,847.849976,916.919983,1498005700,916.919983
3/3/2003,841.150024,895.900024,788.900024,848.179993,1503596600,848.179993
2/3/2003,855.700012,864.640015,806.289978,841.150024,1400452600,841.150024
1/2/2003,879.820007,935.049988,840.340027,855.700012,1539433800,855.700012
12/2/2002,936.309998,954.280029,869.450012,879.820007,1289625700,879.820007
11/1/2002,885.76001,941.820007,872.049988,936.309998,1492221000,936.309998
10/1/2002,815.280029,907.440002,768.630005,885.76001,1717287300,885.76001
9/3/2002,916.070007,924.02002,800.200012,815.280029,1472279000,815.280029
8/1/2002,911.619995,965,833.440002,916.070007,1374013600,916.070007
7/1/2002,989.820007,994.460022,775.679993,911.619995,2012640000,911.619995
6/3/2002,1067.140015,1070.73999,952.919983,989.820007,1604925500,989.820007
5/1/2002,1076.920044,1106.589966,1048.959961,1067.140015,1281036300,1067.140015
4/1/2002,1147.390015,1147.839966,1063.459961,1076.920044,1372613600,1076.920044
3/1/2002,1106.72998,1173.939941,1106.72998,1147.390015,1385540000,1147.390015
2/1/2002,1130.199951,1130.199951,1074.359985,1106.72998,1444200000,1106.72998
1/2/2002,1148.079956,1176.969971,1081.660034,1130.199951,1490628500,1130.199951
12/3/2001,1139.449951,1173.619995,1114.530029,1148.079956,1303608500,1148.079956
11/1/2001,1059.780029,1163.380005,1054.310059,1139.449951,1317790400,1139.449951
10/1/2001,1040.939941,1110.609985,1026.76001,1059.780029,1361033900,1059.780029
9/4/2001,1133.579956,1155.400024,944.75,1040.939941,1777119300,1040.939941
8/1/2001,1211.22998,1226.27002,1124.869995,1133.579956,1055621700,1133.579956
7/2/2001,1224.420044,1239.780029,1165.540039,1211.22998,1186805200,1211.22998
6/1/2001,1255.819946,1286.619995,1203.030029,1224.380005,1265732800,1224.380005
5/1/2001,1249.459961,1315.930054,1232,1255.819946,1170568100,1255.819946
4/2/2001,1160.329956,1269.300049,1091.98999,1249.459961,1333839500,1249.459961
3/1/2001,1239.939941,1267.420044,1081.189941,1160.329956,1322155000,1160.329956
2/1/2001,1366.01001,1376.380005,1215.439941,1239.939941,1203668400,1239.939941
1/2/2001,1320.280029,1383.369995,1274.619995,1366.01001,1386909500,1366.01001
12/1/2000,1314.949951,1389.050049,1254.069946,1320.280029,1232315000,1320.280029
11/1/2000,1429.400024,1438.459961,1294.900024,1314.949951,1034230000,1314.949951
10/2/2000,1436.52002,1454.819946,1305.790039,1429.400024,1241718100,1429.400024
9/1/2000,1517.680054,1530.089966,1419.439941,1436.51001,1101770000,1436.51001
8/1/2000,1430.829956,1525.209961,1425.430054,1517.680054,931317300,1517.680054
7/3/2000,1454.599976,1517.319946,1413.890015,1430.829956,1002085000,1430.829956
6/1/2000,1420.599976,1488.930054,1420.599976,1454.599976,1054454500,1454.599976
5/1/2000,1452.430054,1481.51001,1361.089966,1420.599976,948127200,1420.599976
4/3/2000,1498.579956,1527.189941,1339.400024,1452.430054,1110055700,1452.430054
3/1/2000,1366.420044,1552.869995,1346.619995,1498.579956,1190591300,1498.579956
2/1/2000,1394.459961,1444.550049,1325.069946,1366.420044,1105815000,1366.420044
1/3/2000,1469.25,1478,1350.140015,1394.459961,1124410000,1394.459961
12/1/1999,1388.910034,1473.099976,1387.380005,1469.25,909760900,1469.25
11/1/1999,1362.930054,1425.310059,1346.410034,1388.910034,920777100,1388.910034
10/1/1999,1282.709961,1373.170044,1233.699951,1362.930054,950119000,1362.930054
9/1/1999,1320.410034,1361.390015,1256.26001,1282.709961,831252300,1282.709961
8/2/1999,1328.719971,1382.839966,1267.72998,1320.410034,758193100,1320.410034
7/1/1999,1372.709961,1420.329956,1328.48999,1328.719971,765225200,1328.719971
6/1/1999,1301.839966,1372.930054,1277.469971,1372.709961,781644000,1372.709961
5/3/1999,1335.180054,1375.97998,1277.310059,1301.839966,826511000,1301.839966
4/1/1999,1286.369995,1371.560059,1282.560059,1335.180054,926652300,1335.180054
3/1/1999,1238.329956,1323.819946,1216.030029,1286.369995,822904300,1286.369995
2/1/1999,1279.640015,1283.839966,1211.890015,1238.329956,807392600,1238.329956
1/4/1999,1229.22998,1280.369995,1205.459961,1279.640015,901605200,1279.640015
12/1/1998,1163.630005,1244.930054,1136.890015,1229.22998,722756800,1229.22998
11/2/1998,1098.670044,1192.969971,1098.670044,1163.630005,706959000,1163.630005
10/1/1998,1017.01001,1103.780029,923.320007,1098.670044,853938600,1098.670044
9/1/1998,957.280029,1066.109985,939.97998,1017.01001,834008500,1017.01001
8/3/1998,1120.670044,1121.790039,957.280029,957.280029,761383300,957.280029
7/1/1998,1133.839966,1190.579956,1114.300049,1120.670044,674577700,1120.670044
6/1/1998,1090.819946,1145.150024,1074.670044,1133.839966,650416800,1133.839966
5/1/1998,1111.75,1130.52002,1074.390015,1090.819946,601696000,1090.819946
4/1/1998,1101.75,1132.97998,1076.699951,1111.75,683412300,1111.75
3/2/1998,1049.339966,1113.069946,1030.869995,1101.75,654296300,1101.75
2/2/1998,980.280029,1051.660034,980.280029,1049.339966,643738400,1049.339966
1/2/1998,970.429993,992.650024,912.830017,980.280029,667360500,980.280029
12/1/1997,955.400024,986.25,924.919983,970.429993,564825400,970.429993
11/3/1997,914.619995,964.549988,900.609985,955.400024,545404700,955.400024
10/1/1997,947.280029,983.119995,855.27002,914.619995,637188200,914.619995
9/2/1997,899.469971,960.590027,899.469971,947.280029,570023800,947.280029
8/1/1997,954.289978,964.169983,893.340027,899.469971,524762300,899.469971
7/1/1997,885.140015,957.72998,884.539978,954.309998,568452200,954.309998
6/2/1997,848.280029,902.090027,838.820007,885.140015,543785200,885.140015
5/1/1997,801.340027,851.869995,793.210022,848.280029,506850000,848.280029
4/1/1997,757.119995,804.130005,733.539978,801.340027,500497700,801.340027
3/3/1997,790.820007,814.900024,756.130005,757.119995,533832000,757.119995
2/3/1997,786.159973,817.679993,773.429993,790.820007,538116300,790.820007
1/2/1997,740.73999,794.669983,729.549988,786.159973,555199000,786.159973
12/2/1996,757.02002,761.75,716.690002,740.73999,451853800,740.73999
11/1/1996,705.27002,762.119995,701.299988,757.02002,438942000,757.02002
10/1/1996,687.309998,714.099976,684.440002,705.27002,442891700,705.27002
9/3/1996,651.98999,690.880005,643.969971,687.330017,422632000,687.330017
8/1/1996,639.950012,670.679993,639.48999,651.98999,347213600,651.98999
7/1/1996,670.630005,675.880005,605.880005,639.950012,420610000,639.950012
6/3/1996,669.119995,680.320007,658.75,670.630005,420065000,670.630005
5/1/1996,654.169983,681.099976,630.070007,669.119995,421495000,669.119995
4/1/1996,645.5,656.679993,624.140015,654.169983,441379500,654.169983
3/1/1996,640.429993,656.969971,627.630005,645.5,447510000,645.5
2/1/1996,636.02002,664.22998,633.710022,640.429993,460156500,640.429993
1/2/1996,615.929993,636.179993,597.289978,636.02002,439102700,636.02002
12/1/1995,605.369995,622.880005,605.049988,615.929993,400939500,615.929993
11/1/1995,581.5,608.690002,581.039978,605.369995,382961900,605.369995
10/2/1995,584.409973,590.659973,571.549988,581.5,382759500,581.5
9/1/1995,561.880005,587.609985,561.01001,584.409973,369404000,584.409973
8/1/1995,562.059998,565.619995,553.039978,561.880005,323806000,561.880005
7/3/1995,544.75,565.400024,542.51001,562.059998,379995500,562.059998
6/1/1995,533.400024,551.070007,526,544.75,357604500,544.75
5/1/1995,514.76001,533.409973,513.030029,533.400024,359721300,533.400024
4/3/1995,500.700012,515.289978,500.200012,514.710022,348814200,514.710022
3/1/1995,487.390015,508.149994,479.700012,500.709991,354150400,500.709991
2/1/1995,470.420013,489.190002,469.290009,487.390015,349858900,487.390015
1/3/1995,459.209991,471.359985,457.200012,470.420013,345888000,470.420013
12/1/1994,453.549988,462.730011,442.880005,459.269989,314656600,459.269989
11/1/1994,472.26001,472.26001,444.179993,453.690002,311899500,453.690002
10/3/1994,462.690002,474.73999,449.269989,472.350006,316548500,472.350006
9/1/1994,475.48999,475.48999,458.470001,462.709991,306893800,462.709991
8/1/1994,458.279999,477.589996,456.079987,475.48999,293626000,475.48999
7/1/1994,444.269989,459.329987,443.579987,458.26001,262483000,458.26001
6/1/1994,456.5,463.230011,439.829987,444.269989,279367200,444.269989
5/2/1994,450.910004,457.769989,440.779999,456.5,280603300,456.5
4/4/1994,445.660004,452.790009,435.859985,450.910004,317314700,450.910004
3/1/1994,467.190002,471.089996,436.160004,445.769989,331677800,445.769989
2/1/1994,481.600006,482.230011,464.26001,467.140015,322199400,467.140015
1/3/1994,466.51001,482.850006,464.359985,481.609985,330964700,481.609985
12/1/1993,461.929993,471.290009,461.450012,466.450012,270900000,466.450012
11/1/1993,467.829987,469.109985,454.359985,461.790009,293489000,461.790009
10/1/1993,458.929993,471.100006,456.399994,467.829987,295763300,467.829987
9/1/1993,463.549988,463.799988,449.640015,458.929993,277795200,458.929993
8/2/1993,448.130005,463.559998,446.940002,463.559998,261774000,463.559998
7/1/1993,450.540009,451.149994,441.399994,448.130005,264902300,448.130005
6/1/1993,450.230011,455.630005,442.5,450.529999,264796300,450.529999
5/3/1993,440.190002,454.549988,436.859985,450.190002,265823000,450.190002
4/1/1993,451.670013,452.630005,432.299988,440.190002,290506100,440.190002
3/1/1993,443.380005,456.76001,441.070007,451.670013,262875600,451.670013
2/1/1993,438.779999,450.040009,428.25,443.380005,298768900,443.380005
1/4/1993,435.700012,442.660004,426.880005,438.779999,276402500,438.779999
12/1/1992,431.350006,442.649994,428.609985,435.709991,229184500,435.709991
11/2/1992,418.660004,431.929993,415.579987,431.350006,218946000,431.350006
10/1/1992,417.799988,421.160004,396.799988,418.679993,214042700,418.679993
9/1/1992,414.029999,425.269989,412.709991,417.799988,200396100,417.799988
8/3/1992,424.190002,425.140015,408.299988,414.029999,181680900,414.029999
7/1/1992,408.200012,424.799988,407.200012,424.209991,201733600,424.209991
6/1/1992,415.350006,417.299988,399.920013,408.140015,202516300,408.140015
5/1/1992,414.950012,418.75,409.850006,415.350006,192399500,415.350006
4/1/1992,403.670013,416.279999,392.410004,414.950012,216163300,414.950012
3/2/1992,412.679993,413.779999,401.940002,403.690002,193118100,403.690002
2/3/1992,408.790009,418.079987,406.339996,412.700012,235259400,412.700012
1/2/1992,417.029999,421.179993,408.640015,408.779999,249268100,408.779999
12/2/1991,375.109985,418.320007,371.359985,417.089996,209637600,417.089996
11/1/1991,392.459991,398.220001,371.630005,375.220001,190722500,375.220001
10/1/1991,387.859985,393.809998,376.109985,392.450012,185306900,392.450012
9/3/1991,395.429993,397.619995,382.769989,387.859985,170388500,387.859985
8/1/1991,387.809998,396.820007,374.089996,395.429993,175330000,395.429993
7/1/1991,371.179993,387.809998,370.920013,387.809998,165836300,387.809998
6/3/1991,389.809998,389.809998,367.980011,371.160004,171125000,371.160004
5/1/1991,375.350006,389.850006,365.829987,389.829987,180533600,389.829987
4/1/1991,375.220001,391.26001,370.269989,375.339996,191974000,375.339996
3/1/1991,367.070007,379.660004,363.730011,375.220001,203933500,375.220001
2/1/1991,343.910004,370.959991,340.369995,367.070007,238220000,367.070007
1/2/1991,330.200012,343.929993,309.350006,343.929993,175670900,343.929993
12/3/1990,322.230011,333.980011,321.970001,330.220001,161548000,330.220001
11/1/1990,303.98999,323.019989,301.609985,322.220001,159148500,322.220001
10/1/1990,306.100006,319.690002,294.51001,304,166433000,304
9/4/1990,322.559998,326.529999,295.980011,306.049988,152015200,306.049988
8/1/1990,356.149994,357.350006,306.179993,322.559998,179009100,322.559998
7/2/1990,358.019989,369.779999,350.089996,356.149994,168996100,356.149994
6/1/1990,361.26001,368.779999,351.230011,358.019989,160561400,358.019989
5/1/1990,330.799988,362.26001,330.799988,361.230011,171016800,361.230011
4/2/1990,339.940002,347.299988,327.76001,330.799988,146198500,330.799988
3/1/1990,331.890015,344.48999,331.079987,339.940002,155573600,339.940002
2/1/1990,329.079987,336.089996,322.100006,331.890015,165598400,331.890015
1/2/1990,353.399994,360.589996,319.829987,329.079987,181041300,329.079987
12/1/1989,346.01001,354.100006,339.630005,353.399994,167968000,353.399994
11/1/1989,340.359985,346.5,330.910004,345.98999,151683800,345.98999
10/2/1989,349.149994,360.440002,327.119995,340.359985,190398600,340.359985
9/1/1989,351.450012,354.130005,341.369995,349.149994,159516000,349.149994
8/1/1989,346.079987,352.730011,339,351.450012,177996500,351.450012
7/3/1989,317.980011,346.079987,317.26001,346.079987,170784000,346.079987
6/1/1989,320.51001,329.190002,314.380005,317.980011,188049000,317.980011
5/1/1989,309.640015,323.059998,304.059998,320.519989,177720400,320.519989
4/3/1989,294.869995,310.450012,294.350006,309.640015,169782000,309.640015
3/1/1989,288.859985,299.98999,286.459991,294.869995,167067700,294.869995
2/1/1989,297.470001,300.570007,286.26001,288.859985,177037300,288.859985
1/3/1989,277.720001,297.51001,273.809998,297.470001,177441400,297.470001
12/1/1988,273.679993,280.450012,270.470001,277.720001,141529000,277.720001
11/1/1988,278.970001,280.369995,262.850006,273.700012,141934700,273.700012
10/3/1988,271.890015,283.950012,268.839996,278.970001,169458000,278.970001
9/1/1988,261.519989,274.869995,256.980011,271.910004,154057100,271.910004
8/1/1988,272.029999,274.200012,256.529999,261.519989,150345600,261.519989
7/1/1988,273.5,276.359985,262.480011,272.019989,176540500,272.019989
6/1/1988,262.160004,276.880005,262.100006,273.5,206096300,273.5
5/2/1988,261.359985,263.700012,248.850006,262.160004,165665700,262.160004
4/4/1988,258.890015,272.049988,254.710007,261.329987,169819000,261.329987
3/1/1988,267.820007,272.640015,256.070007,258.890015,182297300,258.890015
2/1/1988,257.049988,267.820007,247.820007,267.820007,196464500,267.820007
1/4/1988,247.100006,261.779999,240.169998,257.070007,185329000,257.070007
12/1/1987,230.320007,253.350006,221.240005,247.080002,186222200,247.080002
11/2/1987,251.729996,257.209991,225.75,230.300003,192922000,230.300003
10/1/1987,321.829987,328.940002,216.460007,251.789993,290813600,251.789993
9/1/1987,329.809998,332.179993,308.559998,321.829987,186014200,321.829987
8/3/1987,318.619995,337.890015,314.51001,329.799988,201342800,329.799988
7/1/1987,303.98999,318.850006,302.529999,318.660004,188559000,318.660004
6/1/1987,290.119995,310.269989,286.929993,304,170931800,304
5/1/1987,286.98999,298.690002,277.01001,290.100006,178560000,290.100006
4/1/1987,291.589996,303.649994,275.670013,288.359985,195942800,288.359985
3/2/1987,284.170013,302.720001,282.299988,291.700012,188040900,291.700012
2/2/1987,274.079987,287.549988,273.160004,284.200012,190952600,284.200012
1/2/1987,242.169998,280.959991,242.169998,274.079987,200203800,274.079987
12/1/1986,249.220001,254.869995,241.279999,242.169998,154548600,242.169998
11/3/1986,243.970001,249.220001,235.509995,249.220001,159703100,249.220001
10/1/1986,231.320007,244.509995,231.320007,243.979996,137562600,243.979996
9/2/1986,252.929993,254.130005,228.080002,231.320007,156723800,231.320007
8/1/1986,236.119995,254.240005,231.919998,252.929993,134628500,252.929993
7/1/1986,250.669998,253.199997,233.070007,236.119995,142845400,236.119995
6/2/1986,246.039993,251.809998,238.229996,250.839996,132604700,250.839996
5/1/1986,235.520004,249.190002,232.259995,247.350006,134830400,247.350006
4/1/1986,238.899994,245.470001,226.300003,235.520004,153995400,235.520004
3/3/1986,226.919998,240.110001,222.179993,238.899994,167450000,238.899994
2/3/1986,211.779999,227.919998,210.820007,226.919998,162673600,226.919998
1/2/1986,211.279999,214.570007,202.600006,211.779999,137386800,211.779999
12/2/1985,202.169998,213.080002,200.100006,211.279999,138908500,211.279999
11/1/1985,189.820007,203.399994,189.369995,202.169998,126471500,202.169998
10/1/1985,182.059998,190.149994,181.160004,189.820007,115858200,189.820007
9/3/1985,188.630005,188.800003,179.449997,182.080002,103355700,182.080002
8/1/1985,190.919998,192.169998,186.100006,188.630005,91128100,188.630005
7/1/1985,191.850006,196.070007,189.300003,190.919998,117603100,190.919998
6/3/1985,189.550003,191.850006,185.029999,191.850006,111110000,191.850006
5/1/1985,179.830002,189.979996,178.350006,189.550003,112929000,189.550003
4/1/1985,180.660004,183.610001,177.860001,179.830002,99699000,179.830002
3/1/1985,181.179993,183.889999,176.529999,180.660004,107356600,180.660004
2/1/1985,179.630005,183.949997,177.75,181.179993,120806300,181.179993
1/2/1985,167.199997,180.270004,163.360001,179.630005,127555000,179.630005
12/3/1984,163.580002,169.029999,161.539993,167.240005,93063000,167.240005
11/1/1984,166.089996,170.410004,162.990005,163.580002,87374200,163.580002
10/1/1984,166.100006,169.619995,160.020004,166.089996,95744300,166.089996
9/4/1984,166.679993,169.649994,163.059998,166.100006,97242600,166.100006
8/1/1984,150.660004,168.800003,150.660004,166.679993,112364300,166.679993
7/2/1984,153.160004,153.869995,147.259995,150.660004,83290900,150.660004
6/1/1984,150.550003,155.639999,148.529999,153.179993,90649500,153.179993
5/1/1984,160.050003,162.110001,148.679993,150.550003,91883600,150.550003
4/2/1984,159.179993,160.690002,154.119995,160.050003,89513500,160.050003
3/1/1984,157.059998,160.460007,153.770004,159.179993,87568600,159.179993
2/1/1984,163.410004,164,152.130005,157.059998,101281000,157.059998
1/3/1984,164.929993,169.539993,162.029999,163.410004,110912800,163.410004
12/1/1983,166.369995,166.770004,161.580002,164.929993,91461900,164.929993
11/1/1983,163.550003,168.070007,161.630005,166.399994,92130400,166.399994
10/3/1983,165.990005,172.649994,162.860001,163.550003,89241900,163.550003
9/1/1983,164.399994,170.410004,163.949997,166.070007,86222300,166.070007
8/1/1983,162.339996,165.910004,158.5,164.399994,77705600,164.399994
7/1/1983,168.110001,170.720001,161.5,162.559998,84270500,162.559998
6/1/1983,162.380005,171.600006,160.800003,167.639999,93189500,167.639999
5/2/1983,164.410004,166.990005,160.289993,162.389999,96525700,162.389999
4/4/1983,152.919998,164.429993,150.169998,164.429993,94631000,164.429993
3/1/1983,148.070007,155.020004,148.070007,152.960007,87064700,152.960007
2/1/1983,145.289993,150.880005,141.899994,148.059998,89431500,148.059998
1/3/1983,140.649994,148.360001,138.080002,145.300003,91654200,145.300003
12/1/1982,138.559998,143.679993,134.789993,140.639999,78372200,140.639999
11/1/1982,133.720001,144.360001,132.889999,138.529999,92881400,138.529999
10/1/1982,120.400002,140.399994,120.150002,133.720001,102066100,133.720001
9/1/1982,119.519997,126.43,117.839996,120.419998,76697600,120.419998
8/2/1982,107.709999,120.260002,102.199997,119.510002,79960400,119.510002
7/1/1982,109.519997,112.389999,105.57,107.089996,56402800,107.089996
6/1/1982,111.970001,112.480003,107.010002,109.610001,53445900,109.610001
5/3/1982,115.959999,119.919998,111.660004,111.879997,53518000,111.879997
4/1/1982,111.959999,119.330002,111.480003,116.440002,56413800,116.440002
3/1/1982,113.110001,114.800003,104.459999,111.959999,57043000,111.959999
2/1/1982,119.809998,119.809998,110.029999,113.110001,53475200,113.110001
1/4/1982,122.550003,123.720001,113.629997,120.400002,52087000,120.400002
12/1/1981,126.349998,127.32,121.040001,122.550003,45465900,122.550003
11/2/1981,122.349998,126.970001,119.129997,126.349998,51775000,126.349998
10/1/1981,116.18,123.279999,115,121.889999,48051300,121.889999
9/1/1981,122.790001,124.580002,110.190002,116.18,47611400,116.18
8/3/1981,130.919998,135.179993,122.290001,122.790001,45757600,122.790001
7/1/1981,131.210007,131.779999,125.959999,130.919998,45338600,130.919998
6/1/1981,132.589996,135.669998,128.770004,131.210007,51932700,131.210007
5/1/1981,132.809998,134.919998,128.779999,132.589996,47850500,132.589996
4/1/1981,136,137.720001,131.580002,132.809998,55782800,132.809998
3/2/1981,131.270004,138.380005,128.559998,136,55705000,136
2/2/1981,129.479996,132.020004,124.660004,131.270004,45764200,131.270004
1/2/1981,135.759995,140.320007,128.570007,129.550003,47460900,129.550003
12/1/1980,140.520004,140.660004,125.32,135.759995,48493600,135.759995
11/3/1980,127.470001,141.960007,127.230003,140.520004,56797200,140.520004
10/1/1980,125.459999,135.880005,124.660004,127.470001,46604300,127.470001
9/2/1980,122.379997,132.169998,121.790001,125.459999,52285700,125.459999
8/1/1980,121.669998,127.779999,119.419998,122.379997,47579500,122.379997
7/1/1980,114.239998,123.93,113.540001,121.669998,48926300,121.669998
6/2/1980,111.239998,117.980003,109.769997,114.239998,40931900,114.239998
5/1/1980,106.290001,112.720001,103.5,111.239998,38082800,111.239998
4/1/1980,102.089996,106.790001,98.949997,106.290001,33570900,106.290001
3/3/1980,113.660004,114.339996,94.230003,102.089996,43442300,102.089996
2/1/1980,114.160004,120.220001,111.330002,113.660004,49767000,113.660004
1/2/1980,107.940002,117.169998,103.260002,114.160004,55642700,114.160004
12/3/1979,106.160004,110.330002,105.07,107.940002,37087000,107.940002
11/1/1979,101.82,107.889999,99.419998,106.160004,32577600,106.160004
10/1/1979,109.190002,112.160004,99.059998,101.82,38509100,101.82
9/4/1979,109.32,111.580002,105.379997,109.32,39467800,109.32
8/1/1979,103.809998,109.839996,103.139999,109.32,37018200,109.32
7/2/1979,102.910004,105.169998,100.349998,103.809998,34052300,103.809998
6/1/1979,99.080002,103.669998,98.57,102.910004,36685700,102.910004
5/1/1979,101.760002,102.57,97.489998,99.080002,29729000,99.080002
4/2/1979,101.559998,103.949997,100.139999,101.760002,32354500,101.760002
3/1/1979,96.279999,103.309998,95.980003,101.589996,30898600,101.589996
2/1/1979,99.93,100.519997,95.379997,96.279999,26357800,96.279999
1/2/1979,96.110001,102.589996,95.220001,99.93,29366300,99.93
12/1/1978,95.010002,98.580002,92.639999,96.110001,26123500,96.110001
11/1/1978,94.129997,97.410004,91.769997,94.699997,25452800,94.699997
10/2/1978,102.540001,106.230003,91.650002,93.150002,32957200,93.150002
9/1/1978,103.290001,108.050003,100.660004,102.540001,34795000,102.540001
8/1/1978,100.68,106.269997,99.949997,103.290001,39078200,103.290001
7/3/1978,95.529999,101.18,93.589996,100.68,28774000,100.68
6/1/1978,97.239998,101.839996,93.989998,95.529999,31108600,95.529999
5/1/1978,96.830002,100.32,94.57,97.239998,36582700,97.239998
4/3/1978,89.199997,97.910004,88.07,96.830002,36422500,96.830002
3/1/1978,87.040001,91.349998,86.449997,89.209999,23532200,89.209999
2/1/1978,89.25,91.32,86.580002,87.040001,20439400,87.040001
1/3/1978,95.099998,95.150002,88.019997,89.25,21333800,89.25
12/1/1977,94.830002,95.669998,91.760002,95.099998,22596600,95.099998
11/1/1977,92.190002,97.110001,90.010002,94.830002,24635700,94.830002
10/3/1977,96.529999,97.269997,90.199997,92.339996,20501900,92.339996
9/1/1977,96.769997,98.43,94.440002,96.529999,19278000,96.529999
8/1/1977,98.849998,99.839996,95.040001,96.769997,19683900,96.769997
7/1/1977,100.480003,102.57,97.709999,98.849998,24885700,98.849998
6/1/1977,96.120003,101.650002,95.889999,100.480003,22934500,100.480003
5/2/1977,98.440002,100.93,95.519997,96.120003,21124700,96.120003
4/1/1977,98.419998,102.07,96.529999,98.440002,21069500,98.440002
3/1/1977,99.82,102.699997,97.800003,98.419998,19617300,98.419998
2/1/1977,102.029999,103.32,98.82,99.82,21824200,99.82
1/3/1977,107.459999,107.970001,100.910004,102.029999,24978000,102.029999
12/1/1976,102.099998,107.82,101.620003,107.459999,25169000,107.459999
11/1/1976,102.900002,103.779999,98.18,102.099998,19902500,102.099998
10/1/1976,105.239998,105.75,99.209999,102.900002,18020000,102.900002
9/1/1976,102.910004,108.720001,102.599998,105.239998,20450000,105.239998
8/2/1976,103.440002,105.410004,100.43,102.910004,16461800,102.910004
7/1/1976,104.279999,106.779999,102.309998,103.440002,19456600,103.440002
6/1/1976,100.18,105.07,97.970001,104.279999,20048100,104.279999
5/3/1976,101.639999,103.989998,98.260002,100.18,18638500,100.18
4/1/1976,102.769997,104.629997,99.57,101.639999,19370900,101.639999
3/1/1976,99.709999,104.389999,98.230003,102.769997,23787800,102.769997
2/2/1976,100.860001,103.07,98.5,99.709999,32793100,99.709999
1/2/1976,90.190002,101.989998,89.809998,100.860001,32111400,100.860001
12/1/1975,91.239998,91.900002,86.150002,90.190002,16633600,90.190002
11/3/1975,89.040001,92.330002,87.629997,91.239998,17456800,91.239998
10/1/1975,83.870003,91.75,82.57,89.040001,16454300,89.040001
9/2/1975,86.879997,87.419998,81.57,83.870003,13697100,83.870003
8/1/1975,88.75,89.040001,82.209999,86.879997,14140400,86.879997
7/1/1975,95.190002,96.580002,87.68,88.75,20737200,88.75
6/2/1975,91.32,95.849998,89.300003,95.190002,22210900,95.190002
5/1/1975,87.300003,93.510002,86.940002,91.150002,22864700,91.150002
4/1/1975,83.360001,88.790001,79.660004,87.300003,21336800,87.300003
3/3/1975,81.589996,87.080002,80.080002,83.360001,23494000,83.360001
2/3/1975,76.980003,83.559998,76,81.589996,23221000,81.589996
1/2/1975,68.650002,78.690002,68.650002,76.980003,20781300,76.980003
12/2/1974,69.800003,69.800003,64.129997,68.559998,16005700,68.559998
11/1/1974,73.900002,77.410004,66.849998,69.970001,14709500,69.970001
10/1/1974,63.540001,75.900002,60.959999,73.900002,17214700,73.900002
9/3/1974,72.150002,73.010002,62.52,63.540001,14752500,63.540001
8/1/1974,79.309998,83.529999,69.370003,72.150002,13469500,72.150002
7/1/1974,86,86.889999,78.959999,79.309998,12956800,79.309998
6/3/1974,87.279999,93.760002,85.129997,86,12867500,86
5/1/1974,90.309998,93.589996,85.870003,87.279999,12998100,87.279999
4/1/1974,93.980003,95.419998,88.620003,90.309998,12630900,90.309998
3/1/1974,96.220001,101.050003,93.440002,93.980003,15321400,93.980003
2/1/1974,96.57,97.43,89.529999,96.220001,14236300,96.220001
1/2/1974,97.550003,100.940002,91.620003,96.57,17144000,96.57
12/3/1973,95.830002,99.089996,91.050003,97.550003,20392500,97.550003
11/1/1973,108.290001,109.199997,94.879997,95.959999,19775200,95.959999
10/1/1973,108.43,112.82,107.080002,108.290001,19164700,108.290001
9/4/1973,104.25,110.449997,102.129997,108.43,18177300,108.43
8/1/1973,108.169998,108.169998,99.739998,104.25,12390800,104.25
7/2/1973,104.099998,111.040001,100.440002,108.220001,15300400,108.220001
6/1/1973,104.949997,109.519997,101.449997,104.260002,13308000,104.260002
5/1/1973,106.970001,112.25,101.360001,104.949997,15884000,104.949997
4/2/1973,111.519997,113.650002,105.440002,106.970001,14640500,106.970001
3/1/1973,111.68,115.610001,107.410004,111.519997,16233600,111.519997
2/1/1973,116.029999,118.980003,109.800003,111.68,17691500,111.68
1/2/1973,118.059998,121.739998,114.970001,116.029999,19458000,116.029999
12/1/1972,116.669998,119.790001,114.629997,118.050003,19593600,118.050003
11/1/1972,111.580002,117.910004,111.32,116.669998,21245500,116.669998
10/2/1972,110.550003,112.260002,106.269997,111.580002,15125000,111.580002
9/1/1972,111.089996,112.120003,107.349998,110.550003,13122000,110.550003
8/1/1972,107.389999,113.449997,107.059998,111.089996,16055200,111.089996
7/3/1972,107.139999,110.269997,104.43,107.389999,15001000,107.389999
6/1/1972,109.529999,110.510002,105.940002,107.139999,14880400,107.139999
5/1/1972,107.669998,111.480003,103.830002,109.529999,15958100,109.529999
4/3/1972,107.199997,111.110001,106.18,107.669998,19107500,107.669998
3/1/1972,106.57,109.75,105.860001,107.199997,19000400,107.199997
2/1/1972,103.940002,107.160004,103.099998,106.57,19829000,106.57
1/3/1972,102.089996,105,100.870003,103.940002,18940000,103.940002
12/1/1971,93.989998,102.209999,93.949997,102.089996,17805400,102.089996
11/1/1971,94.230003,96.080002,89.339996,93.989998,14034700,93.989998
10/1/1971,98.339996,100.959999,92.959999,94.230003,13894700,94.230003
9/1/1971,99.029999,102.25,96.970001,98.339996,12676600,98.339996
8/2/1971,95.580002,101.510002,92.809998,99.029999,15043100,99.029999
7/1/1971,99.160004,101.519997,95.080002,95.580002,13248000,95.580002
6/1/1971,99.629997,102.07,96.919998,98.699997,14500000,98.699997
5/3/1971,103.949997,104.419998,98.68,99.629997,15956000,99.629997
4/1/1971,100.309998,105.599998,99.629997,103.949997,19955700,103.949997
3/1/1971,96.75,102.029999,96.110001,100.309998,17716900,100.309998
2/1/1971,95.879997,99.589996,94.919998,96.75,20444200,96.75
1/4/1971,92.150002,96.489998,90.639999,95.879997,18472500,95.879997
12/1/1970,87.199997,92.989998,86.110001,92.150002,15846800,92.150002
11/2/1970,83.25,87.599998,82.230003,87.199997,12399500,87.199997
10/1/1970,84.300003,87.75,82.290001,83.25,12358600,83.25
9/1/1970,81.519997,84.989998,79.949997,84.300003,15148500,84.300003
8/3/1970,78.050003,82.470001,74.129997,81.519997,10925200,81.519997
7/1/1970,72.720001,79.029999,70.690002,78.050003,10880900,78.050003
6/1/1970,76.550003,79.959999,72.25,72.720001,10713600,72.720001
5/1/1970,81.519997,82.32,68.610001,76.550003,12992800,76.550003
4/1/1970,89.629997,90.699997,79.309998,81.519997,10590900,81.519997
3/2/1970,89.5,91.07,86.190002,89.629997,10535700,89.629997
2/2/1970,85.019997,90.330002,84.639999,89.5,12698400,89.5
1/2/1970,92.059998,94.25,84.419998,85.019997,11114700,85.019997
12/1/1969,93.809998,94.470001,88.620003,92.059998,13260400,92.059998
11/3/1969,97.120003,99.230003,92.239998,93.809998,11692100,93.809998
10/1/1969,93.120003,98.830002,91.660004,97.120003,14052600,97.120003
9/2/1969,95.510002,96.620003,91.769997,93.120003,10872800,93.120003
8/1/1969,91.919998,96.43,91.480003,95.510002,10025200,95.510002
7/1/1969,97.709999,100.330002,88.040001,91.830002,11543300,91.830002
6/2/1969,103.459999,103.75,95.209999,97.709999,11608000,97.709999
5/1/1969,103.690002,106.739998,102.290001,103.459999,12778500,103.459999
4/1/1969,101.510002,104.559998,99.080002,103.690002,12203800,103.690002
3/3/1969,98.129997,102.349998,97.059998,101.510002,10577000,101.510002
2/3/1969,103.010002,104.610001,97.360001,98.129997,12026600,98.129997
1/2/1969,103.860001,104.870003,96.629997,103.010002,12664500,103.010002
12/2/1968,108.370003,109.370003,102.980003,103.860001,15589400,103.860001
11/1/1968,103.410004,109.089996,101.849998,108.370003,15661100,108.370003
10/1/1968,102.669998,105.779999,101.800003,103.410004,16102700,103.410004
9/3/1968,98.860001,103.629997,98.309998,102.669998,14230000,102.669998
8/1/1968,97.739998,99.669998,95.790001,98.860001,11231100,98.860001
7/1/1968,99.580002,103.669998,96.839996,97.739998,14864700,97.739998
6/3/1968,98.720001,102.839996,98.720001,99.580002,15842900,99.580002
5/1/1968,97.459999,100.190002,95.800003,98.68,13866800,98.68
4/1/1968,91.110001,98.610001,91.110001,97.459999,15490000,97.459999
3/1/1968,89.360001,91.089996,86.989998,90.199997,9600400,90.199997
2/1/1968,92.239998,93.440002,86.730003,89.360001,9583100,89.360001
1/2/1968,96.470001,97.839996,91.269997,92.239998,12371800,92.239998
12/1/1967,94,96.900002,93.410004,96.470001,12220500,96.470001
11/1/1967,93.300003,95.510002,90.089996,94,11014500,94
10/2/1967,96.709999,98.25,93.290001,93.300003,10763600,93.300003
9/1/1967,93.639999,98.309998,93,96.709999,10733500,96.709999
8/1/1967,94.75,96.669998,92.010002,93.639999,9419100,93.639999
7/3/1967,90.639999,95.510002,90.120003,94.75,11353000,94.75
6/1/1967,89.080002,93.279999,87.190002,90.639999,10020000,90.639999
5/1/1967,94.010002,95.25,88.709999,89.080002,10331300,89.080002
4/3/1967,90.199997,94.769997,87.860001,94.010002,9942500,94.010002
3/1/1967,86.779999,91.720001,86.669998,90.199997,10580400,90.199997
2/1/1967,86.610001,89,85.610001,86.779999,10153600,86.779999
1/3/1967,80.330002,88.169998,79.43,86.610001,10426100,86.610001
12/1/1966,80.449997,83.879997,79.489998,80.330002,8400000,80.330002
11/1/1966,80.199997,83.010002,78.889999,80.449997,7650500,80.449997
10/3/1966,76.559998,80.910004,72.279999,80.199997,7241400,80.199997
9/1/1966,77.099998,80.809998,75.029999,76.559998,6009500,76.559998
8/1/1966,83.5,84.699997,73.910004,77.099998,7440000,77.099998
7/1/1966,84.739998,88.190002,83.050003,83.599998,6248000,83.599998
6/1/1966,86.129997,87.739998,83.75,84.739998,6713600,84.739998
5/2/1966,91.059998,91.75,83.18,86.129997,8431400,86.129997
4/1/1966,89.230003,93.019997,88.959999,91.059998,9669000,91.059998
3/1/1966,91.220001,91.650002,86.690002,89.230003,8610800,89.230003
2/1/1966,92.879997,94.720001,90.43,91.220001,9247300,91.220001
1/3/1966,92.43,94.639999,91.629997,92.879997,9081400,92.879997
12/1/1965,91.610001,93.07,89.199997,92.43,9013100,92.43
11/1/1965,92.419998,93.300003,90.809998,91.610001,7805000,91.610001
10/1/1965,89.959999,93.190002,89.300003,92.419998,8158500,92.419998
9/1/1965,87.169998,91.129997,86.690002,89.959999,7802300,89.959999
8/2/1965,85.25,87.790001,84.800003,87.169998,5192700,87.169998
7/1/1965,84.120003,86.470001,83.300003,85.25,4302300,85.25
6/1/1965,88.419998,88.800003,80.730003,84.120003,6140400,84.120003
5/3/1965,89.110001,90.68,87.239998,88.419998,5723000,88.419998
4/1/1965,86.160004,89.639999,85.870003,89.110001,5919500,89.110001
3/1/1965,87.43,87.93,85.650002,86.160004,5621700,86.160004
2/1/1965,87.559998,88.059998,85.25,87.43,6214700,87.43
1/4/1965,84.75,88.190002,83.769997,87.559998,5803500,87.559998
12/1/1964,84.419998,85.18,82.650002,84.75,5021800,84.75
11/2/1964,84.860001,86.800003,84.099998,84.419998,5185700,84.419998
10/1/1964,84.18,85.699997,83.650002,84.860001,5030400,84.860001
9/1/1964,81.830002,84.800003,81.57,84.18,5451900,84.18
8/3/1964,83.18,83.489998,80.800003,81.830002,4077100,81.830002
7/1/1964,81.690002,84.330002,81.459999,83.18,4855000,83.18
6/1/1964,80.370003,82.099998,78.150002,81.690002,4568600,81.690002
5/1/1964,79.459999,81.809998,79.459999,80.370003,5185500,80.370003
4/1/1964,78.980003,81.199997,78.669998,79.459999,5871800,79.459999
3/2/1964,77.800003,79.889999,77.5,78.980003,5668000,78.980003
2/3/1964,77.040001,78.309998,76.360001,77.800003,4899400,77.800003
1/2/1964,75.019997,77.779999,74.82,77.040001,5482700,77.040001
12/2/1963,73.230003,75.360001,73.019997,75.019997,5018500,75.019997
11/1/1963,74.010002,74.440002,69.480003,73.230003,5488800,73.230003
10/1/1963,71.699997,75.18,71.57,74.010002,5538600,74.010002
9/3/1963,72.5,73.870003,71.279999,71.699997,5517500,71.699997
8/1/1963,69.129997,72.709999,68.639999,72.5,4373100,72.5
7/1/1963,69.370003,70.480003,67.540001,69.129997,3648600,69.129997
6/3/1963,70.800003,71.239998,68.779999,69.370003,4680000,69.370003
5/1/1963,69.800003,71.139999,69.029999,70.800003,4988600,70.800003
4/1/1963,66.57,70.18,66.230003,69.800003,5284200,69.800003
3/1/1963,64.290001,67.010002,63.799999,66.57,3721400,66.57
2/1/1963,66.309998,66.959999,64.080002,64.290001,4379400,64.290001
1/2/1963,63.099998,66.589996,62.32,66.199997,4829000,66.199997
12/3/1962,62.259998,63.5,61.279999,63.099998,4314500,63.099998
11/1/1962,56.52,62.779999,55.900002,62.259998,5029500,62.259998
10/1/1962,56.27,57.830002,52.549999,56.52,3555600,56.52
9/4/1962,59.119999,59.540001,55.529999,56.27,3460000,56.27
8/1/1962,58.23,60.330002,56.759998,59.119999,3618600,59.119999
7/2/1962,54.75,58.669998,54.470001,58.23,3730900,58.23
6/1/1962,59.630001,59.959999,51.349998,54.75,4994200,54.75
5/1/1962,65.239998,66.93,53.130001,59.630001,5533600,59.630001
4/2/1962,69.550003,69.82,64.949997,65.239998,3469500,65.239998
3/1/1962,69.959999,71.440002,69.160004,69.550003,3245000,69.550003
2/1/1962,68.839996,71.129997,68.559998,69.959999,3640000,69.959999
1/2/1962,71.550003,71.959999,67.550003,68.839996,3846800,68.839996
12/1/1961,71.779999,72.639999,70.860001,71.550003,4387500,71.550003
11/1/1961,68.730003,71.849998,68.730003,71.32,4599000,71.32
10/2/1961,66.769997,68.620003,66.730003,68.620003,3469500,68.620003
9/1/1961,68.190002,68.459999,65.769997,66.730003,3344000,66.730003
8/1/1961,67.370003,68.440002,66.940002,68.07,3670000,68.07
7/3/1961,65.209999,66.760002,64.410004,66.760002,3200500,66.760002
6/1/1961,66.559998,67.080002,64.470001,64.639999,3430400,64.639999
5/1/1961,65.169998,67.389999,65.169998,66.559998,4821900,66.559998
4/3/1961,65.599998,68.68,64.400002,65.309998,5273500,65.309998
3/1/1961,63.43,65.059998,63.380001,65.059998,5484500,65.059998
2/1/1961,61.900002,63.439999,61.139999,63.439999,5187300,63.439999
1/3/1961,57.57,61.970001,57.57,61.779999,4461900,61.779999
12/1/1960,55.299999,58.110001,55.299999,58.110001,3934700,58.110001
11/1/1960,53.939999,56.43,53.939999,55.540001,3254500,55.540001
10/3/1960,53.360001,54.860001,52.200001,53.389999,2706100,53.389999
9/1/1960,57.09,57.09,52.48,53.52,3057600,53.52
8/1/1960,55.529999,58.07,54.720001,56.959999,2976500,56.959999
7/1/1960,57.060001,57.380001,54.169998,55.509998,2829500,55.509998
6/1/1960,55.889999,58,55.889999,56.919998,3610000,56.919998
5/2/1960,54.130001,55.830002,54.130001,55.830002,3454200,55.830002
4/1/1960,55.43,56.59,54.369999,54.369999,3007500,54.369999
3/1/1960,56.009998,56.009998,53.470001,55.34,2973900,55.34
2/1/1960,55.959999,56.82,54.73,56.119999,3174500,56.119999
1/4/1960,59.91,60.389999,55.610001,55.610001,3349000,55.610001
